실제값,예측값,오차,오차율(%)
31000.0,20193.047,10806.953125,34.86113911290323
22000.0,21026.824,973.17578125,4.423526278409091
14000.0,14969.405,-969.4052734375,6.9243233816964285
23000.0,19344.746,3655.25390625,15.892408288043477
18000.0,16606.908,1393.091796875,7.7393988715277775
12600.0,9655.701,2944.298828125,23.36745101686508
11000.0,11176.714,-176.7138671875,1.6064897017045454
10100.0,13057.154,-2957.154296875,29.278755414603964
7700.0,12097.087,-4397.0869140625,57.10502485795455
5200.0,8627.403,-3427.4033203125,65.91160231370192
13000.0,11656.118,1343.8818359375,10.337552584134615
6700.0,8178.5215,-1478.521484375,22.06748484141791
15400.0,23813.926,-8413.92578125,54.63588169642857
25000.0,26421.006,-1421.005859375,5.6840234375
16400.0,18945.578,-2545.578125,15.521817835365853
11500.0,10957.747,542.2529296875,4.715242866847826
8300.0,8970.777,-670.77734375,8.081654743975903
25000.0,16201.854,8798.146484375,35.1925859375
20000.0,17790.55,2209.44921875,11.047246093750001
14000.0,10664.615,3335.384765625,23.82417689732143
8500.0,9391.152,-891.15234375,10.484145220588236
12000.0,9298.202,2701.7978515625,22.514982096354167
11500.0,13415.07,-1915.0703125,16.652785326086956
9500.0,11383.291,-1883.291015625,19.82411595394737
5500.0,9613.064,-4113.064453125,74.78299005681818
16800.0,21738.766,-4938.765625,29.39741443452381
8500.0,10350.931,-1850.9306640625,21.77565487132353
21200.0,13916.816,7283.18359375,34.35463959316038
12000.0,11853.351,146.6494140625,1.2220784505208333
42000.0,40747.266,1252.734375,2.9827008928571432
8300.0,8099.1636,200.83642578125,2.4197159732680724
11000.0,12475.063,-1475.0634765625,13.40966796875
21500.0,21311.94,188.060546875,0.8747002180232558
8300.0,9611.79,-1311.7900390625,15.804699265813252
10000.0,10548.765,-548.7646484375,5.487646484375
63000.0,34138.016,28861.984375,45.81267361111111
10600.0,11542.943,-942.943359375,8.895692069575471
12500.0,9041.886,3458.1142578125,27.664914062500003
15000.0,14037.056,962.9443359375,6.41962890625
25000.0,21483.666,3516.333984375,14.0653359375
17000.0,17356.547,-356.546875,2.0973345588235293
10500.0,10669.936,-169.935546875,1.6184337797619048
11000.0,10625.354,374.646484375,3.4058771306818185
20000.0,21448.535,-1448.53515625,7.242675781250001
10100.0,8243.822,1856.177734375,18.377997370049503
11000.0,13566.368,-2566.3681640625,23.330619673295455
10500.0,12933.301,-2433.30078125,23.174293154761905
9700.0,6684.3984,3015.6015625,31.08867590206186
9500.0,8648.857,851.142578125,8.959395559210526
7000.0,9604.267,-2604.2666015625,37.20380859375
11000.0,9713.506,1286.494140625,11.695401278409092
6900.0,9673.926,-2773.92578125,40.20182291666667
16200.0,18531.62,-2331.619140625,14.392710744598766
9000.0,10691.227,-1691.2265625,18.79140625
16000.0,13849.116,2150.8837890625,13.443023681640625
31000.0,34751.473,-3751.47265625,12.101524697580645
21500.0,16085.239,5414.7607421875,25.184933684593027
26200.0,25442.088,757.912109375,2.892794310591603
29000.0,29346.748,-346.748046875,1.1956829202586208
15050.0,16571.135,-1521.134765625,10.107207745016611
11800.0,9597.316,2202.68359375,18.666810116525422
10500.0,10768.686,-268.685546875,2.558909970238095
18000.0,15107.958,2892.0419921875,16.066899956597222
11500.0,10483.12,1016.8798828125,8.842433763586957
11000.0,10245.941,754.05859375,6.8550781249999995
14000.0,12966.66,1033.33984375,7.380998883928572
14000.0,15163.086,-1163.0859375,8.307756696428571
15000.0,9029.26,5970.740234375,39.804934895833334
15000.0,15987.936,-987.935546875,6.586236979166666
19000.0,17404.65,1595.349609375,8.396576891447369
9800.0,11605.258,-1805.2578125,18.420998086734695
15000.0,12800.545,2199.455078125,14.663033854166665
9300.0,9772.691,-472.69140625,5.082703293010753
17000.0,15124.075,1875.9248046875,11.034851792279412
11500.0,13514.879,-2014.87890625,17.52068614130435
8100.0,7064.8564,1035.1435546875,12.77955005787037
12000.0,11557.253,442.7470703125,3.6895589192708336
8500.0,6980.5786,1519.42138671875,17.87554572610294
16000.0,16029.571,-29.5712890625,0.184820556640625
11000.0,10751.106,248.8935546875,2.2626686789772728
9700.0,7696.584,2003.416015625,20.653773356958762
12000.0,10345.227,1654.7734375,13.789778645833334
26000.0,22183.66,3816.33984375,14.678230168269229
12200.0,9229.69,2970.3095703125,24.346799756659838
15000.0,11275.722,3724.2783203125,24.828522135416666
24000.0,20856.68,3143.3203125,13.09716796875
9100.0,9812.245,-712.2451171875,7.826869419642857
16000.0,16361.562,-361.5615234375,2.2597595214843746
4300.0,7196.135,-2896.134765625,67.35197129360465
38000.0,36878.367,1121.6328125,2.9516652960526315
17400.0,14458.671,2941.3291015625,16.904190238864942
29000.0,28244.236,755.763671875,2.6060816271551723
12300.0,10080.739,2219.2607421875,18.04277026168699
26000.0,25725.584,274.416015625,1.0554462139423075
9100.0,10706.236,-1606.236328125,17.650948660714285
29000.0,32951.69,-3951.69140625,13.62652209051724
28000.0,28066.102,-66.1015625,0.23607700892857142
10000.0,9916.848,83.15234375,0.8315234374999999
10500.0,11072.163,-572.1630859375,5.44917224702381
22500.0,21115.045,1384.955078125,6.155355902777778
5900.0,8717.921,-2817.9208984375,47.761371159957626
17000.0,16696.732,303.267578125,1.783926930147059
11000.0,17974.625,-6974.625,63.40568181818181
10000.0,12264.445,-2264.4453125,22.644453125
7500.0,9377.476,-1877.4755859375,25.033007812500003
10500.0,7498.361,3001.63916015625,28.587039620535716
11000.0,11777.274,-777.2744140625,7.066131036931818
14000.0,15568.98,-1568.98046875,11.207003348214286
12000.0,13057.864,-1057.8642578125,8.815535481770834
11000.0,11134.931,-134.9306640625,1.2266424005681817
26000.0,29833.082,-3833.08203125,14.742623197115384
8900.0,10417.069,-1517.0693359375,17.045722875702246
29000.0,28715.807,284.193359375,0.9799771012931036
14000.0,13718.313,281.6865234375,2.012046595982143
17000.0,17011.814,-11.814453125,0.0694967830882353
21100.0,21444.916,-344.916015625,1.634673059834123
22000.0,21968.863,31.13671875,0.14153053977272728
13000.0,11867.581,1132.4189453125,8.710914963942308
13000.0,11807.439,1192.560546875,9.173542668269231
14000.0,8996.911,5003.0888671875,35.73634905133928
17000.0,13126.353,3873.6474609375,22.78616153492647
12500.0,9462.045,3037.955078125,24.303640625
14000.0,11897.092,2102.908203125,15.020772879464287
11000.0,10609.263,390.7373046875,3.552157315340909
16700.0,24292.527,-7592.52734375,45.46423559131736
10300.0,11071.856,-771.8564453125,7.493751896237864
6400.0,8528.896,-2128.896484375,33.264007568359375
32000.0,27002.842,4997.158203125,15.616119384765625
12700.0,11926.255,773.7451171875,6.092481237696851
17000.0,15660.6875,1339.3125,7.878308823529412
9500.0,9882.743,-382.7431640625,4.02887541118421
15000.0,16515.014,-1515.013671875,10.100091145833332
30000.0,25762.977,4237.0234375,14.123411458333331
16000.0,14173.506,1826.494140625,11.41558837890625
21000.0,11769.886,9230.1142578125,43.95292503720238
18000.0,20194.666,-2194.666015625,12.192588975694445
9000.0,14235.133,-5235.1328125,58.16814236111111
26500.0,26940.54,-440.5390625,1.6624115566037736
23500.0,18890.98,4609.01953125,19.612849069148936
15000.0,13368.681,1631.3193359375,10.875462239583333
30000.0,32657.17,-2657.169921875,8.857233072916666
13000.0,12587.337,412.6630859375,3.1743314302884613
16400.0,14180.875,2219.125,13.53125
17400.0,11739.918,5660.08203125,32.529207076149426
9500.0,11331.837,-1831.8369140625,19.28249383223684
18900.0,18325.178,574.822265625,3.0413876488095237
10500.0,12216.72,-1716.7197265625,16.349711681547618
12000.0,11928.155,71.8447265625,0.5987060546875
10500.0,8869.755,1630.2451171875,15.526143973214285
8500.0,9471.39,-971.3896484375,11.42811351102941
22000.0,22450.09,-450.08984375,2.0458629261363637
10500.0,8709.452,1790.5478515625,17.05283668154762
9000.0,11526.155,-2526.1552734375,28.068391927083336
11600.0,8650.392,2949.6083984375,25.427658607219826
12000.0,12579.176,-579.17578125,4.82646484375
70000.0,37301.848,32698.15234375,46.71164620535714
13000.0,12433.549,566.451171875,4.357316706730769
14400.0,13281.8545,1118.1455078125,7.764899359809027
18500.0,15636.257,2863.7431640625,15.479692778716217
9000.0,10335.492,-1335.4921875,14.838802083333333
18600.0,19210.074,-610.07421875,3.2799689180107525
21600.0,22395.047,-795.046875,3.6807725694444446
12150.0,13244.601,-1094.6005859375,9.009058320473251
20400.0,23139.096,-2739.095703125,13.42693972120098
10410.0,8934.325,1475.6748046875,14.175550477305476
14000.0,13166.501,833.4990234375,5.953564453125
15600.0,15509.433,90.5673828125,0.5805601462339743
12100.0,10882.736,1217.263671875,10.060030346074381
18300.0,16566.41,1733.58984375,9.473168545081966
25600.0,26456.963,-856.962890625,3.347511291503906
35000.0,34989.785,10.21484375,0.029185267857142858
9500.0,10283.928,-783.927734375,8.251870888157894
9500.0,8683.507,816.4931640625,8.59466488486842
10000.0,9193.115,806.884765625,8.06884765625
19000.0,21221.824,-2221.82421875,11.693811677631578
4900.0,6494.7847,-1594.78466796875,32.54662587691327
9000.0,10490.091,-1490.0908203125,16.55656467013889
19750.0,22216.393,-2466.392578125,12.48806368670886
12000.0,12820.229,-820.228515625,6.835237630208334
13000.0,15067.638,-2067.6376953125,15.904905348557694
7000.0,8646.745,-1646.7451171875,23.524930245535714
16600.0,14415.944,2184.0556640625,13.156961831701807
10000.0,8034.311,1965.68896484375,19.6568896484375
50000.0,22715.799,27284.201171875,54.56840234375
10000.0,13615.794,-3615.7939453125,36.157939453124996
17000.0,18401.73,-1401.73046875,8.245473345588234
9600.0,8664.693,935.306640625,9.742777506510416
26000.0,23313.336,2686.6640625,10.333323317307693
14000.0,13745.974,254.0263671875,1.8144740513392856
17000.0,19822.432,-2822.431640625,16.6025390625
10000.0,10582.846,-582.845703125,5.82845703125
23400.0,22418.125,981.875,4.1960470085470085
12000.0,12315.892,-315.8916015625,2.632430013020833
24100.0,23950.814,149.185546875,0.6190271654564315
12000.0,11258.409,741.5908203125,6.179923502604167
21000.0,28305.611,-7305.611328125,34.78862537202381
21000.0,15273.859,5726.140625,27.26733630952381
14200.0,15494.071,-1294.0712890625,9.113178091989436
10900.0,10482.47,417.5302734375,3.830552967316514
21500.0,15443.085,6056.9150390625,28.17169785610465
8700.0,10117.92,-1417.919921875,16.297930136494255
17000.0,11990.49,5009.509765625,29.467704503676472
34000.0,29078.844,4921.15625,14.473988970588236
35800.0,15233.154,20566.845703125,57.44928967353352
14300.0,21031.518,-6731.517578125,47.07354949737762
9300.0,8525.7,774.2998046875,8.325804351478494
17000.0,18261.62,-1261.619140625,7.4212890625
20000.0,17539.209,2460.791015625,12.303955078125
14400.0,10787.415,3612.5849609375,25.08739556206597
17000.0,13693.607,3306.392578125,19.449368106617648
11000.0,10495.315,504.6845703125,4.588041548295455
20000.0,20816.676,-816.67578125,4.08337890625
11500.0,8973.661,2526.3388671875,21.9681640625
14000.0,11475.106,2524.8935546875,18.03495396205357
13500.0,17266.021,-3766.021484375,27.896455439814815
12500.0,22740.467,-10240.466796875,81.923734375
15000.0,11672.538,3327.4619140625,22.18307942708333
7900.0,15117.874,-7217.8740234375,91.3654939675633
24000.0,25031.629,-1031.62890625,4.298453776041667
7750.0,8903.148,-1153.1484375,14.879334677419354
10500.0,7758.851,2741.14892578125,26.106180245535715
11200.0,11261.449,-61.44921875,0.5486537388392857
31500.0,22841.887,8658.11328125,27.48607390873016
7300.0,8270.592,-970.591796875,13.295778039383563
10300.0,8262.297,2037.703125,19.783525485436893
13000.0,14125.249,-1125.2490234375,8.65576171875
25800.0,30145.344,-4345.34375,16.842417635658915
11600.0,9622.853,1977.1474609375,17.04437466325431
17000.0,14675.008,2324.9921875,13.67642463235294
22000.0,16925.04,5074.9609375,23.068004261363637
6400.0,5435.2114,964.78857421875,15.074821472167969
10000.0,8125.5405,1874.45947265625,18.7445947265625
13000.0,13025.674,-25.673828125,0.19749098557692307
8900.0,9652.728,-752.7275390625,8.457612798455056
34600.0,34398.293,201.70703125,0.5829682984104047
9100.0,9492.787,-392.787109375,4.316341861263736
28000.0,19696.283,8303.716796875,29.656131417410712
18000.0,18359.658,-359.658203125,1.998101128472222
25000.0,11308.192,13691.8076171875,54.76723046874999
18600.0,20167.564,-1567.564453125,8.427765877016128
18000.0,20560.158,-2560.158203125,14.223101128472221
9000.0,11312.508,-2312.5078125,25.69453125
13500.0,13194.647,305.3525390625,2.2618706597222222
12200.0,10942.385,1257.615234375,10.308321593237704
17000.0,13389.569,3610.4306640625,21.237827435661767
6000.0,6553.3345,-553.33447265625,9.2222412109375
8500.0,8608.916,-108.916015625,1.2813648897058822
12000.0,9232.938,2767.0615234375,23.05884602864583
12000.0,12913.53,-913.5302734375,7.612752278645833
11000.0,9514.66,1485.33984375,13.503089488636363
10000.0,9629.298,370.7021484375,3.707021484375
13000.0,15794.667,-2794.6669921875,21.497438401442306
19000.0,14622.672,4377.328125,23.03856907894737
11000.0,9636.207,1363.79296875,12.398117897727273
13000.0,14383.204,-1383.2041015625,10.640031550480769
13070.0,16473.861,-3403.861328125,26.04331544089518
8500.0,10117.805,-1617.8046875,19.03299632352941
36000.0,36046.5,-46.5,0.12916666666666665
11000.0,13036.138,-2036.1376953125,18.51034268465909
22000.0,17466.076,4533.923828125,20.608744673295455
30000.0,21509.97,8490.029296875,28.30009765625
16000.0,19045.49,-3045.490234375,19.03431396484375
15000.0,14458.381,541.619140625,3.6107942708333334
16000.0,17555.19,-1555.189453125,9.71993408203125
7900.0,10636.071,-2736.0712890625,34.63381378560126
25000.0,20832.545,4167.455078125,16.6698203125
20000.0,21219.982,-1219.982421875,6.0999121093749995
15400.0,24085.205,-8685.205078125,56.39743557224026
19000.0,17536.967,1463.033203125,7.700174753289474
7300.0,13864.38,-6564.3798828125,89.92301209332192
14100.0,14825.845,-725.8447265625,5.147834940159575
12000.0,10372.802,1627.1982421875,13.559985351562501
9000.0,9742.018,-742.017578125,8.244639756944444
8700.0,9729.556,-1029.5556640625,11.83397315014368
10000.0,12890.888,-2890.8876953125,28.908876953125002
31000.0,22342.48,8657.51953125,27.927482358870968
15000.0,12936.915,2063.0849609375,13.753899739583334
16000.0,14307.53,1692.4697265625,10.577935791015625
12000.0,13897.544,-1897.5439453125,15.812866210937502
11000.0,11355.325,-355.3251953125,3.2302290482954548
25000.0,25913.047,-913.046875,3.6521875
9500.0,11016.083,-1516.0830078125,15.958768503289475
10000.0,11093.6,-1093.599609375,10.93599609375
13000.0,10403.973,2596.02734375,19.96944110576923
27000.0,24510.586,2489.4140625,9.220052083333332
20000.0,19882.357,117.642578125,0.588212890625
29000.0,32813.863,-3813.86328125,13.151252693965517
14400.0,13701.929,698.0712890625,4.84771728515625
11000.0,10690.268,309.732421875,2.8157492897727274
9000.0,9325.717,-325.716796875,3.6190755208333334
10000.0,9656.3,343.7001953125,3.437001953125
9500.0,10435.366,-935.3662109375,9.845960115131579
20500.0,21168.963,-668.962890625,3.2632336128048776
10900.0,13176.677,-2276.6767578125,20.88694273222477
8300.0,9908.83,-1608.830078125,19.383494917168676
21000.0,19549.766,1450.234375,6.905877976190476
22000.0,24300.197,-2300.197265625,10.455442116477274
14100.0,28722.545,-14622.544921875,103.7059923537234
15000.0,13722.121,1277.87890625,8.519192708333332
15000.0,15644.804,-644.8037109375,4.29869140625
5700.0,9146.674,-3446.673828125,60.46796189692982
14000.0,14062.046,-62.0458984375,0.44318498883928575
10000.0,8949.54,1050.4599609375,10.504599609375
25600.0,18365.717,7234.283203125,28.25891876220703
11000.0,10766.129,233.87109375,2.126100852272727
24000.0,28229.479,-4229.478515625,17.6228271484375
9500.0,10024.315,-524.3154296875,5.51910978618421
8300.0,10026.677,-1726.6767578125,20.803334431475903
7900.0,8320.851,-420.8505859375,5.327222606803797
7200.0,12604.312,-5404.3115234375,75.05988226996527
20000.0,19756.223,243.77734375,1.21888671875
8700.0,6652.1646,2047.83544921875,23.538338496767242
9000.0,9543.334,-543.333984375,6.037044270833333
16000.0,17889.49,-1889.490234375,11.80931396484375
10000.0,10963.455,-963.455078125,9.634550781249999
10000.0,10864.96,-864.9599609375,8.649599609375
9490.0,10883.629,-1393.62890625,14.685236103793468
8900.0,9648.567,-748.5673828125,8.410869469803371
8000.0,8725.633,-725.6328125,9.07041015625
14000.0,13843.834,156.166015625,1.1154715401785715
8300.0,10222.524,-1922.5244140625,23.162944747740962
38000.0,32333.318,5666.681640625,14.912320106907895
17000.0,13007.573,3992.4267578125,23.48486328125
9500.0,9366.284,133.7158203125,1.407534950657895
13100.0,18554.186,-5454.185546875,41.635004174618324
9500.0,15413.877,-5913.876953125,62.251336348684205
12000.0,9513.508,2486.4921875,20.720768229166666
19000.0,18435.703,564.296875,2.969983552631579
33000.0,22413.828,10586.171875,32.07930871212121
6300.0,9389.647,-3089.6474609375,49.04202318948413
24000.0,18579.844,5420.15625,22.583984375
15900.0,14598.83,1301.169921875,8.183458628144654
24000.0,23657.436,342.564453125,1.4273518880208333
10000.0,12297.347,-2297.3466796875,22.973466796875
9200.0,6367.4316,2832.568359375,30.788786514945656
84000.0,35227.484,48772.515625,58.06251860119047
16000.0,15167.425,832.5751953125,5.203594970703125
7850.0,7984.2666,-134.2666015625,1.710402567675159
11000.0,10317.843,682.1572265625,6.201429332386364
19000.0,17254.762,1745.23828125,9.185464638157894
28000.0,22252.04,5747.9609375,20.528431919642856
13000.0,12458.715,541.28515625,4.163731971153846
10000.0,9642.872,357.1279296875,3.571279296875
60000.0,51560.6,8439.3984375,14.0656640625
14500.0,10558.417,3941.5830078125,27.183331088362067
29000.0,29000.3,-0.30078125,0.001037176724137931
10500.0,12920.343,-2420.3427734375,23.050883556547618
25000.0,24833.412,166.587890625,0.6663515624999999
19000.0,18355.281,644.71875,3.3932565789473688
14200.0,13240.824,959.17578125,6.754759022887324
10100.0,10673.173,-573.1728515625,5.674978728341584
14000.0,11904.606,2095.3935546875,14.96709681919643
9500.0,9583.715,-83.71484375,0.8812088815789474
8900.0,8263.361,636.638671875,7.153243504213483
17700.0,15127.134,2572.8662109375,14.535967293432202
27200.0,20326.893,6873.107421875,25.26877728630515
15030.0,18109.443,-3079.443359375,20.488645105622087
8400.0,9264.016,-864.015625,10.285900297619047
24000.0,20441.906,3558.09375,14.825390625
11000.0,11321.261,-321.2607421875,2.9205522017045453
14000.0,10661.808,3338.1923828125,23.84423130580357
10000.0,9696.825,303.1748046875,3.031748046875
23500.0,21658.492,1841.5078125,7.836203457446808
14000.0,12018.06,1981.9404296875,14.156717354910715
21400.0,18762.15,2637.849609375,12.32640004380841
13600.0,10487.15,3112.849609375,22.888600068933822
11500.0,10262.107,1237.892578125,10.76428328804348
10600.0,12250.86,-1650.8603515625,15.574154260023585
16600.0,14093.45,2506.5498046875,15.099697618599398
9500.0,11363.624,-1863.6240234375,19.617094983552633
10500.0,9280.163,1219.8369140625,11.617494419642856
12000.0,13334.274,-1334.2744140625,11.118953450520834
11000.0,11986.899,-986.8994140625,8.971812855113637
10210.0,9296.198,913.8017578125,8.95006618817336
15000.0,12410.659,2589.3408203125,17.262272135416666
9700.0,9715.341,-15.3408203125,0.15815278672680413
34000.0,31150.145,2849.85546875,8.381927849264706
31400.0,28502.467,2897.533203125,9.227812748805732
15000.0,14316.225,683.775390625,4.558502604166667
5500.0,8127.967,-2627.966796875,47.781214488636365
8500.0,9266.834,-766.833984375,9.021576286764706
19000.0,21185.16,-2185.16015625,11.50084292763158
13000.0,9931.425,3068.5751953125,23.604424579326924
10400.0,10258.644,141.3564453125,1.3591965895432692
14000.0,12202.595,1797.4052734375,12.838609095982143
8600.0,8958.789,-358.7890625,4.171965843023256
7300.0,11022.095,-3722.0947265625,50.987598994006845
10500.0,9263.317,1236.6826171875,11.777929687499999
17000.0,20091.906,-3091.90625,18.18768382352941
10350.0,9093.587,1256.4130859375,12.139256868961352
19000.0,18941.494,58.505859375,0.30792557565789475
13000.0,16047.009,-3047.0087890625,23.438529146634615
8300.0,5982.615,2317.384765625,27.920298381024093
14000.0,14126.3125,-126.3125,0.9022321428571428
31000.0,34803.715,-3803.71484375,12.270047883064517
25500.0,23200.238,2299.76171875,9.018673406862746
8300.0,8513.332,-213.33203125,2.570265436746988
24600.0,27296.932,-2696.931640625,10.96313675050813
11700.0,12542.123,-842.123046875,7.197632879273503
10500.0,11592.325,-1092.3251953125,10.403097098214285
9600.0,9392.102,207.8984375,2.1656087239583335
9400.0,8390.12,1009.8798828125,10.743403008643616
14000.0,14375.496,-375.49609375,2.6821149553571426
13600.0,13763.106,-163.1064453125,1.1993120978860294
12000.0,12771.705,-771.705078125,6.430875651041666
6700.0,9635.802,-2935.8017578125,43.81793668376866
18000.0,20698.271,-2698.271484375,14.990397135416666
13000.0,21188.838,-8188.837890625,62.99106069711539
13200.0,12377.644,822.3564453125,6.229973070549242
13100.0,10792.952,2307.0478515625,17.611052302003817
11600.0,11294.826,305.173828125,2.6308088631465516
23000.0,17776.492,5223.5078125,22.710903532608697
23900.0,26910.342,-3010.341796875,12.595572371861923
11000.0,11668.431,-668.4306640625,6.076642400568182
21400.0,15270.306,6129.6943359375,28.643431476343455
7700.0,8998.388,-1298.3876953125,16.8621778612013
12000.0,12334.7,-334.7001953125,2.789168294270833
11000.0,10888.26,111.740234375,1.0158203124999998
19600.0,17295.785,2304.21484375,11.75619818239796
10000.0,11172.152,-1172.15234375,11.7215234375
6400.0,5536.276,863.72412109375,13.495689392089844
15000.0,14871.232,128.767578125,0.8584505208333334
11000.0,11879.427,-879.4267578125,7.9947887073863635
13000.0,15148.689,-2148.689453125,16.528380408653845
9000.0,12010.657,-3010.6572265625,33.451746961805554
8500.0,9488.977,-988.9765625,11.635018382352941
16000.0,14559.993,1440.0068359375,9.000042724609376
12000.0,10781.378,1218.6220703125,10.155183919270835
11000.0,7935.2,3064.7998046875,27.86181640625
10100.0,10180.599,-80.5986328125,0.7980062654702971
10000.0,11500.12,-1500.1201171875,15.001201171875
16000.0,15898.845,101.1552734375,0.632220458984375
25400.0,21833.242,3566.7578125,14.042353592519685
23000.0,13500.0,9500.0,41.30434782608695
8100.0,10753.178,-2653.177734375,32.75528067129629
11500.0,9805.799,1694.201171875,14.73218410326087
13500.0,12002.904,1497.095703125,11.089597800925926
15000.0,13056.071,1943.9287109375,12.959524739583333
25000.0,20719.998,4280.001953125,17.1200078125
11000.0,11792.471,-792.470703125,7.204279119318182
13500.0,11362.714,2137.2861328125,15.831749131944445
17000.0,19087.914,-2087.9140625,12.281847426470588
14000.0,11291.896,2708.103515625,19.34359654017857
16000.0,10083.441,5916.55859375,36.9784912109375
19000.0,20324.645,-1324.64453125,6.971813322368421
13000.0,11661.277,1338.72265625,10.297866586538461
25000.0,22970.582,2029.41796875,8.117671875000001
10000.0,11288.171,-1288.1708984375,12.881708984375
48000.0,36258.543,11741.45703125,24.461368815104166
12500.0,10117.273,2382.7265625,19.0618125
11000.0,11307.157,-307.1572265625,2.7923384232954547
17000.0,12804.33,4195.669921875,24.68041130514706
28000.0,29713.596,-1713.595703125,6.119984654017857
11000.0,15573.866,-4573.8662109375,41.580601917613635
11000.0,11858.903,-858.9033203125,7.808212002840909
16000.0,9113.618,6886.3818359375,43.039886474609375
12300.0,8969.357,3330.642578125,27.078394944105693
12000.0,9151.115,2848.884765625,23.740706380208334
18300.0,16065.829,2234.1708984375,12.208584144467213
17900.0,15959.066,1940.93359375,10.843204434357542
20000.0,19759.068,240.931640625,1.204658203125
11000.0,11678.218,-678.2177734375,6.165616122159091
13000.0,17765.66,-4765.66015625,36.65892427884616
29000.0,23087.074,5912.92578125,20.389399245689653
30000.0,24564.504,5435.49609375,18.1183203125
10000.0,10394.094,-394.09375,3.9409375000000004
14050.0,15709.381,-1659.380859375,11.810539924377224
8600.0,9108.587,-508.5869140625,5.913801326308139
19800.0,17620.037,2179.962890625,11.00991358901515
14000.0,14646.414,-646.4140625,4.617243303571429
4300.0,6722.4033,-2422.4033203125,56.3349609375
10000.0,11176.031,-1176.03125,11.7603125
27000.0,25353.434,1646.56640625,6.098394097222222
13700.0,13633.154,66.845703125,0.4879248403284671
8500.0,9675.6045,-1175.6044921875,13.830641084558822
12500.0,12161.998,338.001953125,2.704015625
20000.0,34825.195,-14825.1953125,74.1259765625
19000.0,19371.83,-371.830078125,1.9570004111842108
22000.0,18988.412,3011.587890625,13.689035866477273
12100.0,13701.523,-1601.5234375,13.235730888429753
13000.0,13016.781,-16.78125,0.12908653846153847
24800.0,25338.713,-538.712890625,2.1722293976814515
8900.0,8589.15,310.849609375,3.492692240168539
8400.0,10824.549,-2424.548828125,28.86367652529762
20000.0,19803.744,196.255859375,0.9812792968749999
15000.0,11660.777,3339.22265625,22.261484375000002
18400.0,17476.074,923.92578125,5.021335767663043
20000.0,16044.882,3955.1181640625,19.775590820312498
7900.0,8143.719,-243.71923828125,3.085053649129747
21500.0,12838.239,8661.7607421875,40.287259265988375
17000.0,17537.352,-537.3515625,3.1608915441176473
8050.0,9452.006,-1402.005859375,17.41622185559006
7500.0,6377.041,1122.958984375,14.972786458333335
8400.0,9516.112,-1116.1123046875,13.287051246279763
9000.0,9569.338,-569.337890625,6.3259765625
14600.0,18750.076,-4150.076171875,28.42517925941781
17000.0,10372.179,6627.8212890625,38.98718405330882
32800.0,32449.47,350.529296875,1.0686868807164633
10000.0,8511.067,1488.9326171875,14.889326171875
12200.0,10605.459,1594.541015625,13.070008324795083
15000.0,13864.38,1135.6201171875,7.570800781250001
16000.0,8632.819,7367.1806640625,46.04487915039063
11000.0,9929.085,1070.9150390625,9.735591264204546
12000.0,13306.439,-1306.439453125,10.886995442708333
11400.0,13099.539,-1699.5390625,14.908237390350877
11000.0,9174.791,1825.208984375,16.592808948863635
28000.0,26179.234,1820.765625,6.502734374999999
7000.0,9419.886,-2419.8857421875,34.569796316964286
25400.0,20847.889,4552.111328125,17.92169814222441
10500.0,11441.6,-941.599609375,8.967615327380953
8500.0,8998.207,-498.20703125,5.861259191176471
9500.0,9439.096,60.904296875,0.6410978618421053
10000.0,10118.2295,-118.2294921875,1.182294921875
12000.0,15552.492,-3552.4921875,29.604101562500002
8500.0,9456.019,-956.0185546875,11.247277113970588
13000.0,15373.532,-2373.5322265625,18.25794020432692
15000.0,12224.9375,2775.0625,18.500416666666666
14000.0,16325.477,-2325.4765625,16.610546875
16000.0,12077.201,3922.798828125,24.51749267578125
9100.0,10639.044,-1539.0439453125,16.91257082760989
25500.0,30765.385,-5265.384765625,20.648567708333335
23000.0,20570.14,2429.859375,10.56460597826087
15000.0,10566.204,4433.7958984375,29.55863932291667
19000.0,17248.28,1751.720703125,9.219582648026316
10500.0,11539.179,-1039.1787109375,9.896940104166667
27000.0,21082.146,5917.853515625,21.917975983796296
35000.0,26616.607,8383.392578125,23.952550223214285
10300.0,12079.77,-1779.76953125,17.279315837378643
20500.0,14213.589,6286.4111328125,30.665420160060975
10000.0,13062.922,-3062.921875,30.62921875
18000.0,16812.006,1187.994140625,6.599967447916668
10200.0,12207.134,-2007.1337890625,19.677782245710784
6100.0,7007.376,-907.3759765625,14.875016009221312
21000.0,23627.672,-2627.671875,12.512723214285714
8500.0,8663.917,-163.9169921875,1.9284352022058824
22000.0,23711.014,-1711.013671875,7.7773348721590905
29000.0,26221.54,2778.4609375,9.580899784482758
7300.0,8064.1064,-764.1064453125,10.467211579623289
26200.0,23423.545,2776.455078125,10.597156786736642
11800.0,11790.368,9.6318359375,0.0816257282838983
8690.0,8884.775,-194.775390625,2.241373885212888
3900.0,7699.029,-3799.02880859375,97.41099509214743
5800.0,7142.197,-1342.19677734375,23.141323747306032
12100.0,11455.675,644.3251953125,5.325001614152892
27000.0,15634.348,11365.65234375,42.09500868055556
16000.0,15387.115,612.884765625,3.8305297851562505
11000.0,13200.903,-2200.9033203125,20.008212002840907
27000.0,27626.72,-626.720703125,2.321187789351852
13000.0,13442.39,-442.3896484375,3.402997295673077
13100.0,15030.205,-1930.205078125,14.734389909351146
19000.0,15879.326,3120.673828125,16.424599095394736
9100.0,12835.607,-3735.607421875,41.05063100961539
17000.0,15612.443,1387.556640625,8.162097886029413
14000.0,10786.788,3213.2119140625,22.951513671875002
25000.0,22040.49,2959.509765625,11.8380390625
11000.0,9597.902,1402.09765625,12.746342329545454
15401.0,14262.842,1138.158203125,7.3901578022531
13000.0,14173.249,-1173.2490234375,9.02499248798077
23000.0,23060.447,-60.447265625,0.2628141983695652
7700.0,6959.451,740.548828125,9.617517248376624
10000.0,11301.399,-1301.3994140625,13.013994140624998
19000.0,22921.54,-3921.5390625,20.63967927631579
5100.0,7201.195,-2101.19482421875,41.199898514093135
18500.0,17938.13,561.869140625,3.037130489864865
12000.0,14858.473,-2858.47265625,23.82060546875
15000.0,11539.63,3460.3701171875,23.069134114583335
18000.0,22238.95,-4238.94921875,23.549717881944446
15100.0,18242.14,-3142.140625,20.808878311258276
12500.0,13493.809,-993.80859375,7.950468750000001
27800.0,31566.95,-3766.94921875,13.55017704586331
28400.0,26523.709,1876.291015625,6.606658505721831
13000.0,7913.1763,5086.82373046875,39.12941331129808
23500.0,16422.846,7077.154296875,30.115550199468082
19000.0,18607.383,392.6171875,2.06640625
17600.0,27071.068,-9471.068359375,53.81288840553977
20000.0,21339.438,-1339.4375,6.6971875
15000.0,13061.888,1938.1123046875,12.920748697916668
10500.0,12261.486,-1761.486328125,16.776060267857144
17000.0,15129.37,1870.6298828125,11.003705193014705
6500.0,11675.222,-5175.2216796875,79.61879507211539
18000.0,21873.926,-3873.92578125,21.521809895833332
20000.0,20477.4,-477.400390625,2.387001953125
12000.0,10125.855,1874.14453125,15.617871093749999
10000.0,10361.757,-361.7568359375,3.617568359375
21000.0,13582.604,7417.396484375,35.32093563988095
8900.0,8838.407,61.5927734375,0.6920536341292135
12000.0,9966.933,2033.0673828125,16.942228190104167
9000.0,8870.559,129.44140625,1.4382378472222224
11800.0,13304.396,-1504.396484375,12.749122748940678
24200.0,19787.225,4412.775390625,18.23460905216942
18000.0,13054.203,4945.796875,27.476649305555554
18600.0,11591.519,7008.4814453125,37.68000777049731
20900.0,20521.682,378.318359375,1.8101356907894737
11600.0,11038.001,561.9990234375,4.844819167564656
13100.0,12037.229,1062.771484375,8.112759422709924
31000.0,33571.93,-2571.9296875,8.296547379032258
28000.0,24217.51,3782.490234375,13.508893694196427
9000.0,8632.548,367.4521484375,4.082801649305556
18000.0,16935.438,1064.5625,5.914236111111111
36000.0,38477.67,-2477.671875,6.882421875
9500.0,8546.917,953.0830078125,10.03245271381579
16600.0,16607.588,-7.587890625,0.04571018448795181
7900.0,9341.447,-1441.447265625,18.246167919303797
6100.0,8665.528,-2565.5283203125,42.05784131659836
18500.0,17523.34,976.66015625,5.279244087837838
20000.0,15266.17,4733.830078125,23.669150390625
17050.0,19976.69,-2926.689453125,17.165334035923756
26200.0,19727.623,6472.376953125,24.703728828721374
13800.0,13119.645,680.35546875,4.930112092391304
21000.0,14528.089,6471.9111328125,30.81862444196429
17200.0,13955.268,3244.732421875,18.864723382994185
27100.0,27555.883,-455.8828125,1.682224400369004
37000.0,42109.53,-5109.53125,13.809543918918918
11000.0,10066.951,933.048828125,8.482262073863636
14000.0,24676.602,-10676.6015625,76.26143973214286
24000.0,23428.885,571.115234375,2.379646809895833
11000.0,11447.058,-447.0576171875,4.06416015625
13000.0,11702.346,1297.654296875,9.981956129807692
15000.0,12289.503,2710.4970703125,18.06998046875
15000.0,10525.81,4474.1904296875,29.827936197916667
13000.0,9953.737,3046.2626953125,23.43278996394231
49000.0,103933.44,-54933.4375,112.10905612244898
14000.0,13098.228,901.7724609375,6.4412318638392865
8300.0,8622.558,-322.5576171875,3.8862363516566267
4300.0,5420.0376,-1120.03759765625,26.04738599200581
8600.0,11698.83,-3098.830078125,36.03290788517442
27000.0,24955.924,2044.076171875,7.570652488425926
9000.0,10112.711,-1112.7109375,12.363454861111112
19000.0,19651.383,-651.3828125,3.428330592105263
14000.0,13168.887,831.11328125,5.9365234375
11000.0,9457.056,1542.9443359375,14.026766690340908
20600.0,20513.758,86.2421875,0.4186513956310679
28000.0,25139.096,2860.904296875,10.217515345982143
10400.0,9668.456,731.5439453125,7.034076397235577
16000.0,17449.91,-1449.91015625,9.061938476562501
34600.0,25452.475,9147.525390625,26.43793465498555
13000.0,8849.862,4150.1376953125,31.92413611778846
8000.0,7385.6577,614.34228515625,7.679278564453125
13000.0,10559.979,2440.021484375,18.769396033653845
44000.0,31861.422,12138.578125,27.58767755681818
25000.0,25818.664,-818.6640625,3.27465625
9000.0,9031.663,-31.6630859375,0.3518120659722222
18800.0,15778.121,3021.87890625,16.073823969414892
12500.0,9303.995,3196.0048828125,25.5680390625
10500.0,10653.31,-153.3095703125,1.4600911458333332
21000.0,16743.582,4256.41796875,20.268656994047618
21700.0,23985.674,-2285.673828125,10.533059115783411
25100.0,20806.732,4293.267578125,17.10465170567729
24000.0,21269.176,2730.82421875,11.378434244791666
22000.0,19559.295,2440.705078125,11.094113991477272
30000.0,24884.766,5115.234375,17.05078125
11000.0,9190.774,1809.2255859375,16.447505326704544
14600.0,15141.7705,-541.7705078125,3.710756902825343
14000.0,15356.636,-1356.6357421875,9.690255301339286
18000.0,12289.128,5710.8720703125,31.72706705729167
22000.0,21090.934,909.06640625,4.132120028409091
7500.0,9956.197,-2456.197265625,32.749296875
8900.0,11029.351,-2129.3505859375,23.925287482443817
8500.0,10110.984,-1610.984375,18.952757352941177
9000.0,9607.574,-607.57421875,6.750824652777777
25500.0,24225.617,1274.3828125,4.9975796568627455
17000.0,20472.537,-3472.537109375,20.426688878676472
6200.0,6831.91,-631.91015625,10.192099294354838
22000.0,23160.246,-1160.24609375,5.273845880681819
9500.0,10701.234,-1201.234375,12.644572368421054
31000.0,28329.486,2670.513671875,8.614560231854838
7500.0,10869.179,-3369.1787109375,44.9223828125
10500.0,11367.114,-867.1142578125,8.258231026785715
13000.0,8504.024,4495.9755859375,34.584427584134616
11000.0,9344.361,1655.638671875,15.05126065340909
25000.0,22835.92,2164.080078125,8.6563203125
6300.0,9375.178,-3075.177734375,48.81234499007937
10000.0,13835.689,-3835.689453125,38.35689453125
15000.0,13666.3125,1333.6875,8.891250000000001
9000.0,9616.98,-616.98046875,6.855338541666667
11500.0,12291.085,-791.0849609375,6.878999660326087
18000.0,26306.402,-8306.40234375,46.1466796875
13000.0,12072.318,927.681640625,7.136012620192307
6300.0,8170.818,-1870.81787109375,29.695521763392858
8600.0,7331.838,1268.162109375,14.746071039244185
15000.0,10890.274,4109.7255859375,27.39817057291667
11000.0,8454.618,2545.3818359375,23.13983487215909
32100.0,35031.56,-2931.55859375,9.13258128894081
17000.0,15024.773,1975.2265625,11.618979779411765
25000.0,15994.921,9005.0791015625,36.020316406250004
14000.0,15519.731,-1519.7314453125,10.855224609375
31000.0,31537.61,-537.609375,1.7342237903225806
24800.0,25607.158,-807.158203125,3.254670173891129
11000.0,10320.913,679.0869140625,6.173517400568182
17000.0,12537.243,4462.7568359375,26.251510799632356
16000.0,16187.674,-187.673828125,1.17296142578125
16400.0,13055.723,3344.27734375,20.391935022865855
14000.0,9800.899,4199.1005859375,29.993575613839283
13000.0,12180.618,819.3818359375,6.3029371995192305
29000.0,30762.041,-1762.041015625,6.076003502155173
28000.0,22243.297,5756.703125,20.55965401785714
11200.0,10686.485,513.5146484375,4.584952218191964
21000.0,17185.273,3814.7265625,18.165364583333332
16600.0,14087.591,2512.4091796875,15.134995058358433
22110.0,25336.297,-3226.296875,14.592025667118952
12000.0,10309.6,1690.400390625,14.086669921875
28000.0,25531.05,2468.94921875,8.817675781250001
11500.0,10140.043,1359.95703125,11.825713315217392
9900.0,7035.9263,2864.07373046875,28.930037681502522
11500.0,10260.767,1239.2333984375,10.775942595108695
10500.0,9758.552,741.4482421875,7.061411830357144
13500.0,12034.29,1465.7099609375,10.85711082175926
8500.0,10016.774,-1516.7744140625,17.84440487132353
6800.0,8471.254,-1671.25390625,24.57726332720588
12000.0,14303.846,-2303.845703125,19.198714192708334
26000.0,21915.521,4084.478515625,15.709532752403845
17000.0,17135.896,-135.896484375,0.7993910845588235
29000.0,25642.984,3357.015625,11.575915948275863
19000.0,17020.627,1979.373046875,10.417752878289473
11000.0,10725.88,274.1201171875,2.492001065340909
10055.0,10888.955,-833.955078125,8.293934143460966
20000.0,15890.022,4109.9775390625,20.5498876953125
21000.0,22979.281,-1979.28125,9.425148809523808
9700.0,10050.633,-350.6328125,3.614771262886598
6000.0,6919.7104,-919.71044921875,15.328507486979168
12000.0,14600.598,-2600.59765625,21.671647135416666
15000.0,14822.31,177.6904296875,1.1846028645833333
21000.0,19296.984,1703.015625,8.109598214285715
8500.0,10203.238,-1703.23828125,20.03809742647059
33500.0,28957.932,4542.068359375,13.5584130130597
19400.0,20403.398,-1003.3984375,5.172156894329897
9500.0,9824.053,-324.052734375,3.4110814144736845
10100.0,8711.056,1388.9443359375,13.751924118193068
24700.0,16783.152,7916.84765625,32.052014802631575
8700.0,8203.114,496.8857421875,5.7113303699712645
10500.0,8370.681,2129.3193359375,20.279231770833334
10200.0,8801.016,1398.984375,13.715533088235293
27800.0,19425.428,8374.572265625,30.124360667715827
16000.0,13268.079,2731.9208984375,17.074505615234376
12400.0,9492.163,2907.8369140625,23.45029769405242
11500.0,11025.9,474.099609375,4.122605298913044
18000.0,25391.4,-7391.400390625,41.06333550347222
12000.0,8944.514,3055.486328125,25.46238606770833
22050.0,16895.252,5154.748046875,23.37754216269841
7500.0,9934.4375,-2434.4375,32.45916666666667
9000.0,10247.505,-1247.5048828125,13.861165364583334
22000.0,23008.93,-1008.9296875,4.586044034090909
9000.0,11674.075,-2674.0751953125,29.711946614583333
27500.0,34511.395,-7011.39453125,25.495980113636364
37000.0,29911.828,7088.171875,19.157221283783784
9400.0,9291.394,108.6064453125,1.1553877160904256
8800.0,12352.053,-3552.052734375,40.36423561789773
10500.0,12661.615,-2161.615234375,20.58681175595238
9000.0,6914.6963,2085.3037109375,23.170041232638887
9600.0,9809.765,-209.7646484375,2.1850484212239585
17000.0,10854.893,6145.107421875,36.14769071691176
10100.0,8873.164,1226.8359375,12.146890470297029
11000.0,10266.641,733.359375,6.666903409090909
21800.0,20808.896,991.103515625,4.546346401949542
8900.0,10172.833,-1272.8330078125,14.301494469803371
20000.0,22922.217,-2922.216796875,14.611083984375
11000.0,11369.445,-369.4453125,3.3585937500000003
18000.0,10955.6045,7044.3955078125,39.13553059895833
14000.0,15592.712,-1592.7119140625,11.376513671875001
6400.0,6755.609,-355.60888671875,5.556388854980469
11900.0,10614.202,1285.7978515625,10.805023962710084
15000.0,13975.94,1024.0595703125,6.827063802083333
13000.0,13168.108,-168.1083984375,1.2931415264423076
12000.0,11313.306,686.6943359375,5.722452799479167
10600.0,10241.379,358.62109375,3.3832178655660377
30000.0,27681.287,2318.712890625,7.729042968749999
6500.0,8608.588,-2108.587890625,32.43981370192308
5500.0,7184.373,-1684.373046875,30.624964488636365
19200.0,20740.54,-1540.5390625,8.023640950520832
11000.0,12293.535,-1293.53515625,11.759410511363637
18000.0,18475.447,-475.447265625,2.641373697916667
18400.0,18287.152,112.84765625,0.6133024796195652
23000.0,25443.277,-2443.27734375,10.622944972826087
5100.0,6191.649,-1091.64892578125,21.404880897671568
14000.0,14015.745,-15.7451171875,0.11246512276785715
31000.0,46065.516,-15065.515625,48.5984375
12000.0,11889.005,110.9951171875,0.9249593098958333
11400.0,9652.69,1747.3095703125,15.32727693256579
10000.0,9515.468,484.5322265625,4.845322265625001
26200.0,21980.852,4219.1484375,16.103619990458014
14400.0,13239.259,1160.7412109375,8.06070285373264
13000.0,13882.11,-882.1103515625,6.785464242788461
11000.0,9488.723,1511.27734375,13.738884943181818
11000.0,9940.266,1059.734375,9.633948863636364
11000.0,12848.811,-1848.810546875,16.807368607954544
10000.0,11012.574,-1012.57421875,10.1257421875
11000.0,9442.94,1557.0595703125,14.15508700284091
15000.0,13680.318,1319.681640625,8.797877604166667
23000.0,19690.236,3309.763671875,14.39027683423913
13000.0,12597.305,402.6953125,3.09765625
22000.0,15140.918,6859.08203125,31.177645596590907
8300.0,10209.342,-1909.341796875,23.004118034638555
17000.0,18933.023,-1933.0234375,11.370726102941177
11100.0,11035.338,64.662109375,0.5825415259009009
10400.0,9080.881,1319.119140625,12.683837890625
12000.0,13197.403,-1197.4033203125,9.978361002604167
22000.0,21537.252,462.748046875,2.103400213068182
8500.0,8130.378,369.6220703125,4.348494944852941
30300.0,31517.375,-1217.375,4.0177392739273925
17000.0,15457.938,1542.0615234375,9.070950137867648
9300.0,11994.665,-2694.6650390625,28.97489289314516
9500.0,9407.63,92.3701171875,0.9723170230263157
10000.0,10636.7,-636.7001953125,6.3670019531249995
10000.0,9549.389,450.611328125,4.50611328125
9000.0,8730.186,269.814453125,2.9979383680555554
8500.0,9558.52,-1058.51953125,12.453170955882353
33740.0,25173.5,8566.5,25.389745109662123
15000.0,17109.098,-2109.09765625,14.060651041666667
16000.0,11557.099,4442.9013671875,27.768133544921874
15000.0,19087.004,-4087.00390625,27.24669270833333
11600.0,13234.625,-1634.625,14.091594827586206
20000.0,19426.928,573.072265625,2.865361328125
16000.0,14670.517,1329.4833984375,8.309271240234375
18000.0,19558.494,-1558.494140625,8.65830078125
23000.0,18542.633,4457.3671875,19.379857336956523
9850.0,7526.1904,2323.8095703125,23.59197533312183
18000.0,15652.177,2347.8232421875,13.043462456597222
16000.0,10994.198,5005.8017578125,31.286260986328124
21000.0,20552.414,447.5859375,2.1313616071428574
13000.0,11726.579,1273.4208984375,9.795545372596154
13000.0,10874.913,2125.0869140625,16.346822415865383
14050.0,11148.182,2901.818359375,20.653511454626333
19000.0,25834.625,-6834.625,35.97171052631579
34600.0,33518.375,1081.625,3.1260838150289016
16000.0,10270.9,5729.099609375,35.80687255859375
9300.0,12040.65,-2740.650390625,29.469359038978492
9500.0,10981.015,-1481.0146484375,15.589627878289475
16500.0,15502.556,997.4443359375,6.0451171875
11000.0,14388.047,-3388.046875,30.800426136363633
6010.0,9814.351,-3804.3505859375,63.300342528078204
6200.0,8476.54,-2276.5400390625,36.71838772681452
14000.0,17463.18,-3463.1796875,24.736997767857144
17000.0,11985.653,5014.3466796875,29.496156939338235
19000.0,22173.846,-3173.845703125,16.704451069078946
15000.0,14233.341,766.6591796875,5.1110611979166665
14000.0,11888.3125,2111.6875,15.083482142857143
12000.0,9443.265,2556.7353515625,21.3061279296875
9000.0,13044.732,-4044.732421875,44.941471354166666
9000.0,9162.705,-162.705078125,1.8078342013888888
8500.0,10673.905,-2173.9052734375,25.575356158088237
9300.0,8595.108,704.8916015625,7.579479586693548
11000.0,9557.344,1442.65625,13.11505681818182
36000.0,21047.43,14952.5703125,41.53491753472222
23000.0,14711.359,8288.640625,36.03756793478261
19400.0,9720.855,9679.14453125,49.89249758376288
18000.0,17943.043,56.95703125,0.3164279513888889
11600.0,15113.333,-3513.3330078125,30.287353515625
11500.0,14595.669,-3095.6689453125,26.91886039402174
11000.0,11945.585,-945.5849609375,8.596226917613636
31300.0,29120.25,2179.75,6.964057507987221
7300.0,6664.2944,635.70556640625,8.708295430222602
19000.0,20273.07,-1273.0703125,6.700370065789474
8800.0,10365.74,-1565.740234375,17.792502663352273
11000.0,14247.968,-3247.9677734375,29.526979758522724
14600.0,16417.287,-1817.287109375,12.447171982020548
11400.0,11259.419,140.5810546875,1.233167146381579
9300.0,6947.9106,2352.08935546875,25.2912833921371
24000.0,22546.238,1453.76171875,6.057340494791666
13800.0,10540.658,3259.341796875,23.61841881793478
10000.0,9825.965,174.03515625,1.7403515625000001
13000.0,12190.659,809.3408203125,6.225698617788462
12000.0,9102.16,2897.83984375,24.148665364583334
33400.0,31203.664,2196.3359375,6.575856100299402
35000.0,34702.79,297.2109375,0.8491741071428572
5100.0,4989.3184,110.681640625,2.1702282475490198
12000.0,11339.578,660.421875,5.503515625
19400.0,13915.728,5484.2724609375,28.269445674935568
9300.0,10776.289,-1476.2890625,15.874075940860216
8400.0,10683.836,-2283.8359375,27.18852306547619
9000.0,8183.117,816.8828125,9.076475694444444
5600.0,9166.884,-3566.8837890625,63.69435337611608
16800.0,13751.809,3048.19140625,18.14399646577381
11000.0,11075.374,-75.3740234375,0.6852183948863636
9000.0,7168.5405,1831.45947265625,20.349549696180556
21500.0,20471.248,1028.751953125,4.784892805232558
19000.0,19680.436,-680.435546875,3.581239720394737
15000.0,14848.8545,151.1455078125,1.00763671875
11000.0,8558.713,2441.287109375,22.193519176136363
8200.0,7079.3726,1120.62744140625,13.666188309832316
13000.0,11075.87,1924.1298828125,14.800999098557693
22000.0,22104.95,-104.94921875,0.477041903409091
32000.0,29355.482,2644.517578125,8.264117431640624
9000.0,9552.987,-552.9873046875,6.144303385416667
9000.0,9523.14,-523.1396484375,5.812662760416667
13000.0,12865.451,134.548828125,1.034990985576923
9500.0,8593.502,906.498046875,9.542084703947367
13000.0,9763.924,3236.076171875,24.89289362980769
19000.0,22111.527,-3111.52734375,16.37645970394737
7300.0,8588.626,-1288.6259765625,17.65241063784247
16000.0,15374.353,625.6474609375,3.910296630859375
18000.0,18947.873,-947.873046875,5.265961371527777
9000.0,7778.472,1221.52783203125,13.57253146701389
14000.0,12134.237,1865.7626953125,13.326876395089284
7900.0,10806.28,-2906.2802734375,36.78835789161393
6500.0,5459.633,1040.3671875,16.005649038461538
8200.0,9533.608,-1333.6083984375,16.26351705411585
9600.0,9430.493,169.5068359375,1.7656962076822917
9000.0,12934.004,-3934.00390625,43.711154513888886
18000.0,14491.625,3508.375,19.490972222222222
7400.0,8534.047,-1134.046875,15.32495777027027
10300.0,7521.246,2778.75390625,26.978193264563107
17000.0,14308.8125,2691.1875,15.830514705882354
21000.0,20212.875,787.125,3.748214285714286
10000.0,11109.291,-1109.291015625,11.09291015625
10000.0,11439.549,-1439.548828125,14.39548828125
26000.0,31746.525,-5746.525390625,22.102020733173077
12000.0,18910.719,-6910.71875,57.58932291666666
8500.0,13028.1455,-4528.1455078125,53.27230009191176
9500.0,14748.447,-5248.447265625,55.246813322368425
17000.0,11545.63,5454.3701171875,32.08453010110294
7700.0,10108.68,-2408.6796875,31.281554383116884
40800.0,22172.938,18627.0625,45.654564950980394
8500.0,8178.147,321.85302734375,3.7865062040441178
16030.0,13058.362,2971.6376953125,18.53797688903618
4050.0,7635.567,-3585.56689453125,88.53251591435185
11000.0,14423.962,-3423.9619140625,31.126926491477274
15030.0,9758.348,5271.65234375,35.074200557218894
9000.0,7965.5854,1034.41455078125,11.493495008680556
15000.0,19359.492,-4359.4921875,29.06328125
12500.0,13629.579,-1129.5791015625,9.0366328125
8700.0,6047.083,2652.9169921875,30.49329876077586
19000.0,19167.963,-167.962890625,0.8840152138157895
9600.0,9416.606,183.3935546875,1.9103495279947917
14000.0,14447.023,-447.0234375,3.193024553571429
8500.0,11641.764,-3141.763671875,36.961925551470586
14400.0,13501.726,898.2744140625,6.238016764322916
4300.0,6649.6016,-2349.6015625,54.64189680232558
9500.0,10134.571,-634.5712890625,6.679697779605263
10000.0,16662.133,-6662.1328125,66.621328125
8500.0,10078.307,-1578.306640625,18.568313419117647
14000.0,10445.653,3554.3466796875,25.38819056919643
29000.0,21044.842,7955.158203125,27.431580010775864
20000.0,24297.74,-4297.740234375,21.488701171875
17000.0,12182.465,4817.53515625,28.338442095588235
16000.0,10022.661,5977.3388671875,37.358367919921875
10500.0,10452.809,47.19140625,0.4494419642857143
12000.0,10524.073,1475.9267578125,12.2993896484375
13100.0,13000.429,99.5712890625,0.7600861760496183
48000.0,34326.0,13674.0,28.487499999999997
10000.0,6815.294,3184.7060546875,31.847060546875
11800.0,12771.437,-971.4365234375,8.232512910487289
11400.0,12710.812,-1310.8115234375,11.498346696820176
9600.0,10553.001,-953.0009765625,9.927093505859375
12500.0,14275.09,-1775.08984375,14.20071875
19200.0,18154.56,1045.439453125,5.444997151692708
29000.0,24972.994,4027.005859375,13.886227101293102
65000.0,46132.03,18867.96875,29.02764423076923
9500.0,8786.983,713.0166015625,7.505437911184211
9300.0,8544.88,755.1201171875,8.119571152553764
19000.0,24551.879,-5551.87890625,29.220415296052632
18000.0,14685.117,3314.8828125,18.416015625
21000.0,20047.46,952.5390625,4.5359002976190474
12000.0,9846.397,2153.6025390625,17.946687825520833
25000.0,24431.025,568.974609375,2.2758984375
17000.0,17626.156,-626.15625,3.6832720588235293
8300.0,6806.725,1493.27490234375,17.991263883659638
24800.0,25621.912,-821.912109375,3.3141617313508065
21000.0,18455.617,2544.3828125,12.11610863095238
25000.0,26804.707,-1804.70703125,7.218828125
18000.0,13339.451,4660.548828125,25.891937934027776
31500.0,33477.805,-1977.8046875,6.27874503968254
17000.0,14034.673,2965.3271484375,17.443100873161764
27000.0,22677.377,4322.623046875,16.009714988425927
11000.0,8587.971,2412.029296875,21.927539062500003
9100.0,13271.192,-4171.1923828125,45.837278932005496
8500.0,9169.629,-669.62890625,7.877987132352941
8700.0,6275.5664,2424.43359375,27.86705280172414
4200.0,5919.3936,-1719.3935546875,40.93794177827381
4700.0,6399.684,-1699.68408203125,36.163491107047875
15000.0,13398.396,1601.603515625,10.677356770833333
6700.0,8572.945,-1872.9453125,27.95440764925373
8500.0,8444.56,55.4404296875,0.6522403492647059
25000.0,21281.898,3718.1015625,14.872406250000001
18900.0,20442.607,-1542.607421875,8.161944031084655
17000.0,12557.455,4442.544921875,26.132617187500003
19000.0,21231.783,-2231.783203125,11.74622738486842
16000.0,13935.677,2064.3232421875,12.902020263671876
20000.0,20379.672,-379.671875,1.898359375
11500.0,7669.2583,3830.74169921875,33.31079738451087
7100.0,8914.255,-1814.2548828125,25.552885673415492
32000.0,27878.082,4121.91796875,12.88099365234375
9500.0,7496.3374,2003.66259765625,21.091185238486844
7300.0,8794.848,-1494.84765625,20.477365154109588
13000.0,10550.847,2449.1533203125,18.83964092548077
22000.0,21710.195,289.8046875,1.317294034090909
15000.0,15778.843,-778.8427734375,5.19228515625
13000.0,16376.33,-3376.330078125,25.971769831730768
9600.0,8821.656,778.34375,8.107747395833332
10000.0,7656.2705,2343.7294921875,23.437294921874997
8000.0,9467.552,-1467.5517578125,18.34439697265625
16500.0,23296.178,-6796.177734375,41.18895596590909
11000.0,6316.83,4683.169921875,42.57427201704546
10000.0,9623.55,376.4501953125,3.764501953125
20000.0,23346.934,-3346.93359375,16.73466796875
9500.0,9187.848,312.15234375,3.285814144736842
23000.0,26090.303,-3090.302734375,13.436098845108695
31000.0,32165.787,-1165.787109375,3.760603578629032
10000.0,10574.703,-574.703125,5.74703125
9000.0,11925.187,-2925.1865234375,32.50207248263889
10000.0,10342.681,-342.6806640625,3.4268066406249997
26000.0,15163.65,10836.349609375,41.678267728365384
9900.0,10387.504,-487.50390625,4.9242818813131315
31000.0,29855.055,1144.9453125,3.6933719758064516
10800.0,10664.757,135.2431640625,1.2522515190972223
7000.0,8410.591,-1410.5908203125,20.151297433035715
13000.0,14788.407,-1788.4072265625,13.756978665865386
13000.0,11447.56,1552.4404296875,11.941849459134616
29800.0,34756.812,-4956.8125,16.63359899328859
12100.0,6225.944,5874.05615234375,48.54591861441116
11000.0,14585.581,-3585.5810546875,32.59619140625
4300.0,5410.9927,-1110.99267578125,25.837038971656977
16000.0,16025.185,-25.1845703125,0.157403564453125
7500.0,6429.045,1070.955078125,14.279401041666667
20000.0,16366.243,3633.7568359375,18.1687841796875
17000.0,16709.588,290.412109375,1.7083065257352943
13000.0,19973.775,-6973.775390625,53.64442608173077
13000.0,13150.5,-150.5,1.1576923076923076
9000.0,10051.63,-1051.6298828125,11.684776475694445
13500.0,11238.412,2261.587890625,16.752502893518518
17000.0,17475.508,-475.5078125,2.7971047794117645
11600.0,12739.745,-1139.7451171875,9.825388941271552
11000.0,10491.082,508.91796875,4.626526988636363
12000.0,7564.3257,4435.67431640625,36.96395263671875
8000.0,9521.596,-1521.595703125,19.0199462890625
39000.0,41178.316,-2178.31640625,5.585426682692308
9000.0,9873.246,-873.24609375,9.702734374999999
14000.0,16115.028,-2115.0283203125,15.107345145089285
11000.0,10137.916,862.083984375,7.837127130681819
14800.0,13786.715,1013.28515625,6.846521326013513
11000.0,8564.576,2435.423828125,22.14021661931818
12500.0,11868.079,631.9208984375,5.0553671875
8300.0,9623.881,-1323.880859375,15.950371799698795
9000.0,10010.204,-1010.2041015625,11.224490017361111
23000.0,20836.143,2163.857421875,9.40807574728261
13200.0,13217.948,-17.9482421875,0.13597153172348483
8500.0,7942.075,557.9248046875,6.563821231617648
9500.0,14152.394,-4652.3935546875,48.97256373355263
82000.0,37973.97,44026.03125,53.69028201219513
7500.0,9036.808,-1536.8076171875,20.49076822916667
10500.0,10928.856,-428.8564453125,4.084347098214286
11000.0,10266.072,733.927734375,6.672070312500001
16000.0,16566.047,-566.046875,3.53779296875
28000.0,28407.377,-407.376953125,1.454917689732143
15900.0,12616.339,3283.6611328125,20.65195681014151
5810.0,9232.366,-3422.3662109375,58.9047540608864
7000.0,8776.346,-1776.345703125,25.376367187499998
14000.0,12504.225,1495.775390625,10.684109933035714
18000.0,17773.592,226.408203125,1.2578233506944445
7300.0,8409.637,-1109.63671875,15.200502996575343
31000.0,15743.998,15256.001953125,49.21290952620968
32000.0,34393.535,-2393.53515625,7.47979736328125
5700.0,7321.244,-1621.244140625,28.442879660087723
8200.0,8459.578,-259.578125,3.1655868902439024
18000.0,20809.312,-2809.3125,15.607291666666667
29000.0,30133.1,-1133.099609375,3.9072400323275867
5900.0,8801.914,-2901.9140625,49.184984110169495
9000.0,10837.73,-1837.73046875,20.419227430555555
7500.0,8000.0386,-500.03857421875,6.667180989583334
8500.0,9152.687,-652.6865234375,7.678664981617647
14000.0,14413.415,-413.4150390625,2.952964564732143
9400.0,11583.76,-2183.759765625,23.231486868351066
36000.0,33876.77,2123.23046875,5.897862413194444
10500.0,8394.3545,2105.6455078125,20.05376674107143
10100.0,12253.303,-2153.302734375,21.319829053217823
11400.0,9718.724,1681.2763671875,14.74803830866228
10500.0,13562.216,-3062.2158203125,29.163960193452382
9000.0,12244.657,-3244.6572265625,36.051746961805556
7300.0,8289.514,-989.513671875,13.554981806506849
32000.0,29660.113,2339.88671875,7.31214599609375
6200.0,10665.083,-4465.0830078125,72.01746786794355
13065.0,11968.073,1096.9267578125,8.395918544297743
7000.0,8240.631,-1240.630859375,17.72329799107143
7200.0,7245.917,-45.9169921875,0.6377360026041666
10300.0,8035.706,2264.2939453125,21.98343636225728
10900.0,8932.664,1967.3359375,18.04895355504587
25600.0,21884.861,3715.138671875,14.512260437011717
12000.0,10230.239,1769.7607421875,14.748006184895834
7500.0,8658.176,-1158.17578125,15.442343750000001
15000.0,10821.391,4178.609375,27.85739583333333
20000.0,16394.754,3605.24609375,18.02623046875
12000.0,11060.089,939.9111328125,7.8325927734375
9500.0,9809.606,-309.6064453125,3.2590152138157893
6100.0,6195.9673,-95.96728515625,1.5732341828893444
12700.0,11997.091,702.9091796875,5.534717950295276
8500.0,9503.459,-1003.458984375,11.80539981617647
25000.0,26783.396,-1783.396484375,7.1335859375
21000.0,20199.885,800.115234375,3.810072544642857
14000.0,17914.23,-3914.23046875,27.9587890625
15500.0,13972.408,1527.591796875,9.855430947580645
27000.0,24429.371,2570.62890625,9.520847800925926
35000.0,28037.957,6962.04296875,19.891551339285716
12000.0,10307.2295,1692.7705078125,14.106420898437499
17000.0,16900.393,99.607421875,0.5859260110294118
9500.0,11192.256,-1692.255859375,17.81321957236842
16000.0,8401.9795,7598.0205078125,47.48762817382812
14000.0,16143.872,-2143.8720703125,15.313371930803571
12400.0,18678.521,-6278.521484375,50.633237777217744
11100.0,9557.18,1542.8203125,13.899282094594595
10800.0,9191.169,1608.8310546875,14.896583839699073
6800.0,7743.0825,-943.08251953125,13.868860581341913
5900.0,7130.775,-1230.77490234375,20.860591565148304
20200.0,10708.626,9491.3740234375,46.987000116027225
16000.0,11754.674,4245.326171875,26.53328857421875
9800.0,12435.376,-2635.3759765625,26.891591597576532
7000.0,8647.075,-1647.0751953125,23.52964564732143
23000.0,23537.506,-537.505859375,2.3369819972826087
17000.0,16626.227,373.7734375,2.1986672794117643
10900.0,8685.155,2214.8447265625,20.31967639048165
11000.0,12879.091,-1879.0908203125,17.082643821022728
8000.0,8446.372,-446.3720703125,5.57965087890625
13000.0,11704.478,1295.5224609375,9.965557391826923
16000.0,14426.067,1573.9326171875,9.837078857421876
13800.0,13175.897,624.1025390625,4.522482167119565
7000.0,8544.016,-1544.015625,22.05736607142857
8100.0,11048.513,-2948.5126953125,36.40139130015432
11000.0,10490.871,509.12890625,4.628444602272727
9800.0,10789.689,-989.689453125,10.098871970663266
5300.0,8553.434,-3253.43359375,61.38553950471698
11000.0,12146.175,-1146.1748046875,10.419770951704546
8100.0,8331.548,-231.5478515625,2.858615451388889
34200.0,23193.182,11006.818359375,32.18367941337719
13200.0,13911.667,-711.6669921875,5.3914166074810606
16000.0,13716.338,2283.662109375,14.272888183593748
40000.0,26743.45,13256.55078125,33.141376953125004
7600.0,10559.767,-2959.7666015625,38.94429738898027
10000.0,9655.637,344.36328125,3.4436328124999998
6000.0,9809.251,-3809.2509765625,63.48751627604167
12000.0,14537.584,-2537.583984375,21.146533203125
29000.0,24012.797,4987.203125,17.197252155172414
6900.0,6598.431,301.56884765625,4.370563009510869
15000.0,11573.688,3426.3115234375,22.842076822916667
5900.0,7957.202,-2057.2021484375,34.86783302436441
24000.0,24884.836,-884.8359375,3.68681640625
11000.0,8316.6455,2683.3544921875,24.39413174715909
20000.0,20996.365,-996.365234375,4.981826171875
14400.0,12044.072,2355.927734375,16.360609266493057
10300.0,8720.241,1579.7587890625,15.337463971480583
9500.0,11128.051,-1628.05078125,17.137376644736843
13000.0,11544.804,1455.1962890625,11.193817608173077
9000.0,9990.288,-990.2880859375,11.00320095486111
13600.0,16404.766,-2804.765625,20.623276654411764
11000.0,11732.071,-732.0712890625,6.655193536931818
15000.0,12917.78,2082.2197265625,13.881464843749999
9500.0,9646.275,-146.275390625,1.5397409539473683
24000.0,22018.828,1981.171875,8.2548828125
20000.0,18428.883,1571.1171875,7.8555859375
21000.0,21826.164,-826.1640625,3.9341145833333333
13000.0,12902.868,97.1318359375,0.74716796875
11000.0,10522.297,477.703125,4.342755681818182
10000.0,10681.411,-681.4111328125,6.814111328125
8500.0,9382.119,-882.119140625,10.377872242647058
16800.0,17045.025,-245.025390625,1.4584844680059523
7300.0,8650.887,-1350.88671875,18.50529751712329
13000.0,11595.233,1404.7666015625,10.805896935096154
28200.0,28268.006,-68.005859375,0.24115552969858153
9000.0,10747.262,-1747.26171875,19.41401909722222
15400.0,13277.206,2122.7939453125,13.784376268262989
23000.0,23163.758,-163.7578125,0.7119904891304348
6900.0,5050.2954,1849.70458984375,26.807312896286234
23800.0,21867.46,1932.5390625,8.119912027310924
11000.0,13396.748,-2396.748046875,21.788618607954547
29000.0,21017.422,7982.578125,27.52613146551724
26500.0,23714.678,2785.322265625,10.510650058962264
27900.0,24676.412,3223.587890625,11.554078461021506
22000.0,17798.986,4201.013671875,19.095516690340908
10000.0,12599.107,-2599.107421875,25.99107421875
25000.0,24909.057,90.943359375,0.3637734375
15000.0,13390.233,1609.7666015625,10.73177734375
12000.0,12076.026,-76.0263671875,0.6335530598958333
6100.0,7451.7754,-1351.775390625,22.16025230532787
10000.0,8872.175,1127.8251953125,11.278251953125
17000.0,16076.528,923.4716796875,5.432186351102941
24000.0,24175.717,-175.716796875,0.7321533203125
15000.0,13427.884,1572.1162109375,10.480774739583333
12000.0,11588.954,411.0458984375,3.4253824869791663
12000.0,11969.58,30.419921875,0.2534993489583333
18900.0,19656.932,-756.931640625,4.004929315476191
23000.0,20100.74,2899.259765625,12.605477241847826
10000.0,12617.157,-2617.1572265625,26.171572265625
17000.0,13890.666,3109.333984375,18.290199908088237
11000.0,12048.22,-1048.2197265625,9.529270241477272
10000.0,9282.447,717.552734375,7.175527343750001
10300.0,9321.075,978.9248046875,9.50412431735437
32000.0,26465.492,5534.5078125,17.2953369140625
23000.0,21943.045,1056.955078125,4.5954568614130435
9500.0,8227.641,1272.359375,13.39325657894737
9500.0,12299.153,-2799.1533203125,29.464771792763155
5500.0,9091.549,-3591.548828125,65.30088778409092
21000.0,24381.215,-3381.21484375,16.10102306547619
17000.0,16808.75,191.25,1.125
18000.0,17482.242,517.7578125,2.8764322916666667
17500.0,25395.834,-7895.833984375,45.11905133928572
11000.0,9087.751,1912.2490234375,17.38408203125
11500.0,15486.227,-3986.2265625,34.66283967391304
15000.0,9161.377,5838.623046875,38.92415364583333
14000.0,15496.643,-1496.642578125,10.690304129464286
25000.0,24764.658,235.341796875,0.9413671874999999
21000.0,14512.053,6487.947265625,30.894986979166667
9000.0,8591.78,408.2197265625,4.535774739583333
10100.0,12485.479,-2385.478515625,23.61859916460396
10000.0,8056.7954,1943.20458984375,19.4320458984375
18100.0,16976.514,1123.486328125,6.2071067852209945
10200.0,8450.458,1749.5419921875,17.15237247242647
32800.0,29976.625,2823.375,8.607850609756097
15000.0,15408.512,-408.51171875,2.7234114583333335
8300.0,7858.54,441.4599609375,5.318794710090361
8300.0,8073.6494,226.3505859375,2.7271154932228914
13500.0,9317.582,4182.41796875,30.980873842592594
20000.0,14664.291,5335.708984375,26.678544921875
6800.0,7035.8994,-235.8994140625,3.4691090303308822
33000.0,32640.543,359.45703125,1.089263731060606
7500.0,11697.703,-4197.703125,55.969375
14300.0,12937.767,1362.2333984375,9.526107681381118
16000.0,19714.607,-3714.607421875,23.21629638671875
6500.0,9511.62,-3011.6201171875,46.332617187500006
9000.0,9295.64,-295.6396484375,3.284884982638889
11000.0,13329.977,-2329.9765625,21.181605113636365
30600.0,30354.068,245.931640625,0.8036981719771241
13000.0,12451.255,548.7451171875,4.2211162860576925
10300.0,9660.814,639.185546875,6.205684921116505
6500.0,7176.4834,-676.4833984375,10.407436899038462
22500.0,21531.727,968.2734375,4.3034375
8000.0,8772.471,-772.470703125,9.6558837890625
15800.0,12468.188,3331.8115234375,21.087414705300635
13000.0,9450.095,3549.9052734375,27.306963641826925
12600.0,11980.042,619.9580078125,4.920301649305555
12000.0,15490.215,-3490.21484375,29.085123697916664
11000.0,13481.292,-2481.2919921875,22.557199928977273
19000.0,45902.156,-26902.15625,141.59029605263157
35000.0,35252.42,-252.421875,0.7212053571428572
12000.0,14145.524,-2145.5244140625,17.879370117187502
11400.0,15392.619,-3992.619140625,35.02297491776316
12000.0,9220.337,2779.6630859375,23.163859049479164
8700.0,8312.181,387.8193359375,4.457693516522989
9000.0,9565.359,-565.359375,6.281770833333333
23000.0,19518.783,3481.216796875,15.135725203804348
25890.0,22103.684,3786.31640625,14.624628838354578
10000.0,10157.709,-157.708984375,1.57708984375
18200.0,12954.312,5245.6884765625,28.82246415693681
11000.0,11699.153,-699.1533203125,6.355939275568182
25000.0,18668.584,6331.416015625,25.325664062499996
19000.0,17453.238,1546.76171875,8.14085115131579
27600.0,23727.303,3872.697265625,14.031511831974639
15000.0,20292.377,-5292.376953125,35.282513020833335
10500.0,8198.953,2301.046875,21.914732142857144
10500.0,9755.937,744.0634765625,7.086318824404763
9000.0,9466.64,-466.6396484375,5.184884982638889
14000.0,9295.586,4704.4140625,33.602957589285715
19000.0,16968.71,2031.2890625,10.690995065789474
9500.0,9625.184,-125.18359375,1.3177220394736842
5100.0,9061.025,-3961.025390625,77.66716452205881
9000.0,9392.953,-392.953125,4.366145833333333
28400.0,34002.098,-5602.09765625,19.725695972711268
17000.0,16388.986,611.013671875,3.594198069852941
9000.0,9692.961,-692.9609375,7.6995659722222225
21000.0,18112.57,2887.4296875,13.74966517857143
6700.0,6762.088,-62.087890625,0.9266849347014926
13060.0,12732.833,327.1669921875,2.505107137729709
4400.0,7791.117,-3391.1171875,77.07084517045455
17700.0,27009.408,-9309.408203125,52.59552657132769
13000.0,13647.804,-647.8037109375,4.98310546875
16500.0,15926.041,573.958984375,3.4785392992424247
16000.0,21993.266,-5993.265625,37.45791015625
15200.0,17452.572,-2252.572265625,14.819554379111842
9000.0,8070.616,929.3837890625,10.326486545138888
9600.0,8657.185,942.8154296875,9.820994059244793
13500.0,11946.679,1553.3212890625,11.506083622685185
17000.0,17257.18,-257.1796875,1.5128216911764705
